date,time,name,gender,city,userLevel,score,content
2019-11-29,2019-11-29 20:42:33,NlX772230859,0,福州,3,5.0,超级好看的！
2019-11-29,2019-11-29 20:41:21,Dvu533630405,0,南京,1,4.5,荡涤人心，五味杂陈
2019-11-29,2019-11-29 20:40:29,南斋生,0,肇庆,1,5.0,重新在电影院观看这一部经典作品，更深刻地感受到了男主看待事物的透彻。
2019-11-29,2019-11-29 20:38:34,NUI816769439,0,深圳,2,5.0,好看，想二刷
2019-11-29,2019-11-29 20:37:05,目击,1,广州,3,4.5,1.欧美国家的音乐氛围让人羡慕；2.主人公到底要不要上岸，现实寓意好强，就好像让现在的人直面实要成为别人期待的人，还是守住自己的生活方式；3.结尾处，两个人在船上对话，没有哭嚷，没有为你好式的强迫，自由之下才有人格，因为钢琴师是choose to be 永远的海上钢琴师的。总体感官上，是非常动人的电影，尤其是演员出色，荒诞的剧情被强烈的感情包裹，反而主人公一切思维行为都令人信服了。
2019-11-29,2019-11-29 20:36:26,nMA165640830,0,曲阜,2,5.0,啥叫电影艺术?这他娘就是艺术
2019-11-29,2019-11-29 20:28:43,xym.com,2,深圳,2,4.0,1900解释当时站在船舷为什么不下船的心理活动时，确实受到了触动。经历其中不觉有他，1900作为十足的旁观者，讲他的感受，人们是如何在这没有尽头的世界生活的？能安静平和地向隅而居其实是一种幸福。
2019-11-29,2019-11-29 20:21:43,MINI工场-陈子刚,1,宁波,4,5.0,终于有机会，在电影院重温这个心目中的经典。
2019-11-29,2019-11-29 20:18:56,没有梦想不言青春,1,盂县,4,5.0,传奇的一生致敬  1900
2019-11-29,2019-11-29 20:14:06,鹤,2,惠州,2,4.5,我依旧热爱。
2019-11-29,2019-11-29 20:13:39,TiAmo,0,武汉,1,5.0,好看好看好看
2019-11-29,2019-11-29 20:11:34,Ghp457899461,0,武汉,5,4.5,1900很像Will Hunting  ， 只不过他没有那么幸运，身边没有shawn引导他走出自我。“我每天到你家接你，我们出去喝酒笑闹，那很棒。但我一天中最棒的时刻只有十秒，从停车到你家门口，每次我敲门，都希望你不在了，不说再见，什么都没有，你就走了，我懂得不多，但我很清楚。 ”这段Will Hunting里每次想起都会让我泪目的话我想也是Marx想对1900讲的：“我每天跟你在船上一起演奏喝酒，那很棒，但是我一生中最棒的时刻只有10秒，从船舱到演奏厅，每次我打开演奏厅的大门，都希望你没有坐在钢琴前，同事们告诉我你已经下船了，不说再见，什么都没有，你就走了”
2019-11-29,2019-11-29 20:09:48,燕子121314,0,西安,3,5.0,很感人，看落泪了，看到破船里坐着的孤独的1900，他似乎立刻要被世界遗弃了。没人知道他的生日，他来自哪里，他的父母在何方。飘荡的人生，只有不离不弃的钢琴，钢琴是他最好的朋友，他的所有情感都付诸于一架钢琴，他的喜怒哀乐，最后钢琴被搬走了，他随着这艘生他养他的船消失了.....
2019-11-29,2019-11-29 20:09:48,miss王小瘦,2,中牟,2,4.5,怀旧。。。。
2019-11-29,2019-11-29 20:08:02,茶峒,2,成都,2,5.0,好看极了。。其实我看不懂
2019-11-29,2019-11-29 18:59:32,浮云,2,南京,4,5,从前面一段，就开始对这个故事很感兴趣，感觉很好看。他是另一种生活方式，如同现在的我，已经在这个工作方式工作了八年了，现在不得不脱离，可是已经八年了。抑郁症重度。一度痛苦的想要自杀。迷茫的时候看到这个电影。真的是给我启发。可是依然纠结自己的路该怎么走。。重新开始，还是一直坚持混吃等死，。。。等我想好再继续写吧。
2019-11-29,2019-11-29 18:56:34,佩佩,2,南京,3,5,看完海上钢琴师，只能用感人至深来形容影片和这首曲，能触发人的泪点，不错的影片。出来有一对30岁左右的夫妇说什么破电影还9点几分，真的是侮辱了这部影片。
2019-11-29,2019-11-29 18:54:11,哈喽,0,郑州,1,5,琴键是有限的，它只有八十八个，琴键有限，音乐无限，而城市有千千万万的街道，人们有千千万万种生活，而死法我只能选择一种……连未来都看不到，你不会感到焦虑吗？……那天我看见千千万万个琴键，这是上帝的琴，不是我所能弹奏的
2019-11-29,2019-11-29 18:48:35,咪宝贝咪咪,0,晋城,2,5,好的好的好的
2019-11-29,2019-11-29 18:48:31,黑择明,1,中山,1,5,重温经典，精彩如旧。
2019-11-29,2019-11-29 18:38:55,水玲珑心,1,眉山,2,4.5,不错  挺感动的
2019-11-29,2019-11-29 18:36:50,85ying,2,天津,2,5,完美～尽管已经看过无数遍了
2019-11-29,2019-11-29 18:36:01,epC967530908,0,昆明,2,5,最爱的剧情文艺片没有之一，看多少遍都不会厌倦，每次看都有不同的感觉，现在能在影院观赏怎能不泪流满面，1900先生活出了真正的纯粹，和他的音乐与船一起永远的沉入大海
2019-11-29,2019-11-29 18:27:59,upY161461114,0,郑州,2,5,经典👍👍
2019-11-29,2019-11-29 18:25:06,THP518395261,0,上海,3,5,虽然是临时起意，但真的挺好看的
2019-11-29,2019-11-29 18:24:59,复读机,2,南平,3,4.5,棒极了嘿嘿，很喜欢钢琴舞蹈，肆意的享受音乐带来的快乐，真棒啊。还有烟与琴那段，我是骄傲的，我为琴而生。还有那个女孩，很美，那首钢琴曲，也很美。这部电影很棒，但我也许还有些不懂吧，有时会不理解电影中1900的选择，所以我二刷看懂了再来修改评分嘿嘿
2019-11-29,2019-11-29 18:21:17,Forever,0,广州,1,5,认真看，感受主人公的情感，会有不一样的感受
2019-11-29,2019-11-29 18:19:49,conghonga,2,北京,5,4,经典老片，值得一看，钢琴弹的很棒，剧情感人，一位纯粹的艺术家的一生，只在船上，令人惋惜而难忘。
2019-11-29,2019-11-29 18:14:42,王影,2,长春,2,5,看完之后久久无法平静，非常好
2019-11-29,2019-11-29 18:10:46,无人之境sss,0,泰州,2,5,完美。。。。
2019-11-29,2019-11-29 17:07:15,Skyandstar,1,南京,5,4.5,Reality is a cage.
2019-11-29,2019-11-29 17:06:56,TiAmo,1,阳江,3,4.5,很喜欢，忧郁的眼神。
2019-11-29,2019-11-29 17:05:52,lyx,1,广州,5,4,只觉得很可惜
2019-11-29,2019-11-29 17:05:24,小超灬,0,北京,3,5,特别的好看，推荐
2019-11-29,2019-11-29 17:02:42,pPi750847869,0,巢湖,3,5,虽然我没啥音乐细胞，听不大懂片子里的音乐，但是我从头看到了尾，没中途没跑出去就说明电影还不错。
2019-11-29,2019-11-29 17:02:14,6946.,0,齐齐哈尔,2,5,好看嘿嘿嘿 特别是钢琴
2019-11-29,2019-11-29 17:00:10,瞎碰猫二子,2,天津,2,4,画面有点糊 音乐故事都是极致 感动
2019-11-29,2019-11-29 16:56:36,但愿老死花酒间,0,南京,2,5,好看，剧情满分，这是一段我终身难忘的美好回忆😊 
2019-11-29,2019-11-29 16:55:34,alice9098,2,长沙,2,4,还不错，挺好
2019-11-29,2019-11-29 16:53:43,天0517,1,南京,3,5,令人深思的电影
2019-11-29,2019-11-29 16:53:43,圆圆931010,0,上海,2,0.5,电影院的服务员态度太垃圾了
2019-11-29,2019-11-29 16:47:28,mhd775865144,0,贵阳,3,5,可能1900不是一个真人，是一个时代的化身。是一种意志的延续，这种电影，看一部少一部
2019-11-29,2019-11-29 16:47:15,Xjhyl620609,0,北京,4,4.5,好看，己看两遍。人物刻画逼真，画面时代感很强。
2019-11-29,2019-11-29 16:45:01,iYb194650684,2,南京,3,5,经典再现，看得很难受
2019-11-29,2019-11-29 16:40:49,lJW843208575,0,北京,2,5,坚守住自己的生活
2019-11-29,2019-11-29 15:22:42,Xma256177416,0,杭州,2,5,1900弹钢琴的样子太美好了
2019-11-29,2019-11-29 15:06:57,波蔓猫,2,武汉,4,4.5,替男主可惜，没办法迈出那一步，从海上来又走入海
2019-11-29,2019-11-29 15:05:15,TG1976,1,大连,4,4,还不错，没用想象中的好
2019-11-29,2019-11-29 15:01:49,山斗1,2,武汉,2,5,值得二刷的好片
2019-11-29,2019-11-29 15:00:56,罂粟花开,2,广州,2,5,挺好看的一部电影，片末男主和好友的那番对话让人有种锥心之痛，泪流满面的同时却多出一份感慨，老天或许爱和你开玩笑让你的人生路不能一马平川，那么给自己多一分勇气生活势必会有另一番景象…
2019-11-29,2019-11-29 14:54:37,PbB460904697,0,乌鲁木齐,2,4.5,经典就是经典！没人能够超越！电影背后的含义值得一生去品味！
2019-11-29,2019-11-29 14:54:18,饶舌让你热。,2,太原,3,5,喜欢。不错。
2019-11-29,2019-11-29 14:52:47,扑克__K,1,邓州,2,3.5,一张电影票，赴了约21年的约
2019-11-29,2019-11-29 14:48:59,屎又木有卡路里,2,玉林,1,5,没时间去看  后面转给朋友了  也不知道剧情怎么样
2019-11-29,2019-11-29 14:47:25,qzuser,1,广汉,3,5,如果可以我也想当1900
2019-11-29,2019-11-29 14:43:26,zhangchuc,1,义乌,4,5,非常好看，真的是经典
2019-11-29,2019-11-29 14:39:13,Quentin,1,霞浦,4,3.5,经典老片！！
2019-11-29,2019-11-29 14:37:50,YdH527136036,0,海口,3,5,很经典的影片。
2019-11-29,2019-11-29 14:34:06,南京禄口机场铂尔曼高恬逸,1,南京,2,1,国外几十年前得片子。
2019-11-29,2019-11-29 14:32:15,张英伦哥哥,1,青岛,4,5,重温经典，之前每个历历在目的镜头再次出现在面前，激动和享受
2019-11-29,2019-11-29 13:24:19,SHINI越GAMI,1,石家庄,4,3.5,虽然快睡着了。
2019-11-29,2019-11-29 13:24:17,布衣暖（秦亚丽）,0,石家庄,4,5,一个人能在飘摇不定的海上自如安然时，他反而会不适应了陆地的安稳吧？正如钢琴师说的“阻止了我的脚步的，并不是我所看见的东西，而是我所无法看见的那些东西。陆地对我来说是一艘太大的船，一个太漂亮的女人，一段太长的旅行，一瓶太刺鼻的香水，一种我不会创作的音乐”其实，海上和陆地都是一样的，不安的只是我们的动心起念……无所畏惧，如如不动。
2019-11-29,2019-11-29 13:20:35,WOLOK,1,台州,5,4,还可以吧吧吧吧吧吧
2019-11-29,2019-11-29 13:14:07,dsG154835078,0,北京,2,4,总感觉少了点什么
2019-11-29,2019-11-29 13:08:54,fanshileya,0,上海,1,5,看《海上钢琴师》心里酸酸的，既为主人公为艺术执着感动，也为他一生没有踏上陆地一步叹息，每个人有他的人生追求，只要开心就好
2019-11-29,2019-11-29 13:06:33,Dda607231984,0,济宁,1,5,青春记忆，回看一遍还是热泪盈眶
2019-11-29,2019-11-29 13:04:20,Man²🐬,2,广州,2,5,神一般的钢琴师，只是他一出生就在船上，习惯熟悉的环境，看得见的空间。所以一直不敢下船，直到最后，也和在船一起。
2019-11-29,2019-11-29 13:02:07,琦小琦不会骑马,0,滕州,4,5,10分给你，不言不表
2019-11-29,2019-11-29 13:02:04,Simei小胖花花,2,广州,4,5,一个人买了电影票去看的，他太厉害了，从没下过陆地，音乐天赋又好，性格单纯，无论年纪多大，都在自己的世界，活得很精彩，人们有时候无法看透他的想法，最后不想下船的他，虽然我们最后知道他的想法，确仍然忍不住自己的泪水……
2019-11-29,2019-11-29 12:56:35,紫藤叶子610,0,咸阳,3,5,多年前看过的电影！重温一下貌似已经遗忘的经典！轮船爆炸那一瞬间泪目了，可惜、可怜、可悲……不过想想，能活在自己的世界里，是一种能力也是一种幸福！世间无数诱惑，让人为之向往，他坚持了！我们却终其一生也无法找到那个可以为之去死属于灵魂的东西～～～
2019-11-29,2019-11-29 12:45:00,iWv819778766,0,无锡,3,5,跌宕起伏，艺术的表现
2019-11-29,2019-11-29 12:42:56,recore,1,昆明,2,4,很好的，经典的
2019-11-29,2019-11-29 12:42:03,海豚爱上威威猫,1,中山,2,5,三部曲之一。
2019-11-29,2019-11-29 12:41:27,Jessica吃不胖,2,阜宁,2,5,9/10。一开始觉得男主太懦弱，像极了每一个我们。后来才想明白了，也许大海才是他最好的归宿。
2019-11-29,2019-11-29 12:39:44,你好漂亮20134,0,合肥,2,5,很好。值得深思的一部电影，很经典。
2019-11-29,2019-11-29 11:59:07,🙂,1,沙湾,2,5,很不错的电影，引人深思😬 
2019-11-29,2019-11-29 11:52:58,乐传章,0,集美,2,5,一部好的电影能够触发人们心灵深处去提问，那些思考不需要等待911或者自然灾害后才去自问，未来如何打算？
2019-11-29,2019-11-29 11:52:04,GPh935651033,2,济南,4,5,好看，好的电影值重映
2019-11-29,2019-11-29 11:48:53,aZM714683576,0,诸城,3,5,完美的电影，非常赞
2019-11-29,2019-11-29 11:44:31,wId331487965,0,上海,4,3.5,hd@tvffr
2019-11-29,2019-11-29 11:37:01,可乐,2,哈尔滨,1,5,喜欢1900内心干净纯粹，不被世俗污染，艺术境界高，特别是他的眼睛能流露出好多东西。
2019-11-29,2019-11-29 11:31:50,张洁友,1,上海,2,5,钢琴师对不同人物的观察很有意思
2019-11-29,2019-11-29 11:29:36,Jessie 林,2,广州,2,5,生于海归于海，太棒了
2019-11-29,2019-11-29 11:24:11,东北浪,0,西安,4,2.5,艺术性影片，太消极
2019-11-29,2019-11-29 11:21:56,黑色铅笔999,2,濮阳,1,5,太震撼我了，久久不能释怀男主演技完爆自然流露的那些感觉很无奈又很洒脱很忠于自我
2019-11-29,2019-11-29 11:19:07,平头哥歌,0,宜春,2,4.5,嗯，蛮好看的，不错还可以。
2019-11-29,2019-11-29 11:12:23,落日,0,荆州,2,0.5,超级垃圾。。
2019-11-29,2019-11-29 11:12:22,花花流连,0,东莞,4,5,世界那么大，我想要的不过是船头到船尾的距离
2019-11-29,2019-11-29 11:11:46,QVL304147575,2,阳江,1,4.5,很悲，🤣🤣🤣
2019-11-29,2019-11-29 11:11:43,SxF921339287,0,东莞,2,5,他属于佛吉尼亚号，连同梦想与荣光。
2019-11-29,2019-11-29 10:39:47,AIR,1,沈阳,2,5,五分给的是原版，新版剪辑的过于严重，影响了过渡。
2019-11-29,2019-11-29 10:37:00,夜里看海,2,合肥,2,5,很好，其实是一部自己与自己告别的故事吗
2019-11-29,2019-11-29 10:28:15,二木,2,惠州,1,5,我知道他想表达一种观念，但是我想我还是没能明白，但他通篇给我的感觉十分的舒畅，哪怕他最后面对死亡，他那种故作轻松也是舒服的。但是他说，这个城市看不到尽头，他不敢下船去。我想他把他自己囚禁起来了。
2019-11-29,2019-11-29 10:27:48,绺 清,1,杭州,2,5,欧克欧克欧克
2019-11-29,2019-11-29 10:24:48,dDf689445934,2,绵阳,3,4.5,作为托纳托雷的时光三部曲中唯一一部英语电影 在20年后4k重置 这次看到了很多以前看的时候没看懂的方面 比如动荡的社会 美国梦 像1900这样的人确实很少了 能够坚持自己的事业 不会为其他事情而动摇 可男主却卖掉了自己的小号 来换钱 1900在影片中被塑造的很偏执 他想过踏上大陆 但是看到这快节奏的生活 看到被工业污染的城市 最终选择留在船上 导演用大量碎镜头来提现主角回应1900的往事 色调也很活泼 在现实生活中的主角 却用固定镜头 或是长镜头呈现 更加的区别开了现实和回忆 其实主角是向往想1900一样活着 影片有大量给人物面部表情的特写 快速的表达了人们的性格和1900不同于别人的气质
2019-11-29,2019-11-29 10:23:54,CLRETURN,0,无锡,3,5,虽然买了，但缺少能一起去看的人
2019-11-29,2019-11-29 10:21:08,UVp458101567,0,晋中,3,5,被人记得的日子，是有尽头的。我的大海，是每一句爱与关怀。我感激 我此生乘坐这条船-1994
2019-11-29,2019-11-29 10:21:03,Chloe小芒果🎵,0,江阴,3,5,在有限里寻找无限不能再认同永远的1900
2019-11-29,2019-11-29 10:20:58,晨曦,2,内江,2,4,那是现代人生活的另一面
2019-11-29,2019-11-29 10:20:55,FOREVER,2,上海,6,5,好一场过瘾精彩的音乐盛宴好一位音乐🎵天才，听到什么看到什么美妙的乐曲就弹出来了，他是婴儿👶时被父亲👨捡来的生活至八岁时，父亲意外的去世后使他一直跟着船🚢上的船员一起生活和长大！从小经历的和遇到的使他一切都看得那么透彻，活得听从内心深处的声音活得纯真无邪！所以他离不开船🚢和船🚢共存亡！
2019-11-29,2019-11-29 10:20:40,lID529625954,0,福安,2,1,一点都不好看，没有故事情节！垃圾片
2019-11-29,2019-11-29 10:19:29,QiuDoudouou,2,南京,1,5,海上钢琴师 满分不多说
2019-11-29,2019-11-29 10:18:27,叶落时yxy,0,南京,2,5,他在海上，才自由。
2019-11-29,2019-11-29 10:17:52,DUz766889517,0,长沙,3,5,看完感觉心里充满了许多不一样的感情，又好像心里什么都没有
2019-11-29,2019-11-29 10:14:30,Elaborate,1,广州,2,4.5,听舍友说是翻拍，但是演员很出色，表情非常到位。刻画的非常活灵活现。
2019-11-29,2019-11-29 09:37:07,映日荷花,2,北京,3,5,被感动的泪流满面！人通常只有在最低谷最痛苦的时候才有所顿悟有所觉醒，而在自认为成功、逍遥或一帆风顺时，都是那么的愚钝迷茫！1900，这个从出生到结束对世界来说就是一个隐形人的天才钢琴师，有一双洞察世界的眼睛、一颗能感知万物的心和纯净高洁的灵魂！否则他怎么会创作和演奏出如此奇妙如此惊艳的旋律、怎么会那么地了解世间了解自己，为自己找到最完美的归宿？！他没有迷茫没有疑问，他坚信他从船上来，为钢琴生，最终要在船上去！
2019-11-29,2019-11-29 09:36:54,春风,1,北京,4,4,真实的人生！感受到美国的电影给我们愉悦，欧洲的电影让我们思考。
2019-11-29,2019-11-29 09:36:33,于国飞（证一）,1,无锡,2,5,经典中的经典！
2019-11-29,2019-11-29 09:35:40,带刺的玫瑰,2,益阳,2,0.5,看不懂不好看。
2019-11-29,2019-11-29 09:35:31,kxL164772179,0,郑州,3,4.5,在我心目中堪称神作
2019-11-29,2019-11-29 09:29:18,刹那即永恒,1,广州,2,5,不贬低那些流量明星，他（她）们的演技流量明星根本没资格来向其并论，我一个人包场，一包纸巾不够擦眼泪的，是不是我的口味比较独特
2019-11-29,2019-11-29 09:25:40,Kano佳佳,2,昆明,3,4.5,回味经典！感动依旧！
2019-11-29,2019-11-29 09:22:04,春风,2,株洲,2,5,很早以前在网络上看过，这次以为是翻拍，就又看一遍，很伤感很难过很感人
2019-11-29,2019-11-29 09:19:28,OUP663661497,0,西安,2,4.5,挺不错的，钢琴曲更是起到了锦上添花
2019-11-29,2019-11-29 09:17:24,空降兵,1,长沙,3,5,十多年前的片子，经典回放
2019-11-29,2019-11-29 09:12:48,涵影如梦,1,武汉,4,5,很好看，发人深思。
2019-11-29,2019-11-29 09:09:02,拐拐的青春,0,昆明,4,5,一个为了音乐，为了自己从小到大的与生他养他的共生死的人，值得敬佩
2019-11-29,2019-11-29 09:08:44,宇,1,大庆,2,5,剧情很好，喜欢这种类型
2019-11-29,2019-11-29 09:07:56,chenchende123,0,中山,3,4,没看懂，可能没有音乐细胞吧。
2019-11-29,2019-11-29 09:06:00,墨舒,1,苏州,2,0.5,**什么烂片，没看我就走了
2019-11-29,2019-11-29 04:21:02,小胖丫,2,新余,2,5,看完这部电影，让我对眼下的社会认识更深刻，从本片中我看见了一种对于人生豁达，乐观，随遇而安的态度，从男主角与康恩的相遇开始，让我感觉音乐可以令人苦中作乐，虽然他们一个是在锅炉房长大的弃婴，一个是四海为家的街头艺术家，他们为了年少时心中最初的梦想而坚强不屈的活着，尽管两人并未成名其次令我感动的还有爱情线，那位黑色黑伞的少女曾经拥有过的朦胧初恋，就是美好的回忆。虽然女孩并没能与他有下文。也是比当今很多有预谋的遇见有目的的爱情婚姻要真实纯粹。最后，他与康恩离别说的话让我对自己的现状进行了反思。他们经历过一次战争的洗礼，心灵还是那么可爱，可敬。一部佳片
2019-11-29,2019-11-29 02:42:41,ppd563975662,1,合肥,4,5,个人认为一部好的电影应该能与自己产生共鸣，不是说自己境界多高，这部电影绝对称得上我心目中十佳电影之一。
2019-11-29,2019-11-29 02:18:08,叶开Green,0,海口,3,5,向外看的人始终混沌，向内看的人终将觉醒。好电影，好音乐，思想深刻，极力推荐！
2019-11-29,2019-11-29 01:34:16,Hilda Wu,0,杭州,4,5,1900与康纳相识的那个雷电交加的雨夜；1900与Jazz创始人对决的那个令众人屏息的夜晚；1900与那个女孩隔窗相望的动人时刻；废船爆炸前，1900的十指摆出弹奏姿势，想象手中的音符在隐形的琴键中流淌……整部电影中令我印象最深刻的四个片段，可能也是1900在船上的一生中最重要最辉煌的时刻。结局令人遗憾唏嘘，1900的音乐天赋正是因为在船上单纯的世界给予的，离开了船的陆地世界，太多欲望太多选择太多利益，1900无法再单纯的世界中创造音乐，所以选择与船一起结束生命。片尾，在一片废墟中，失去了钢琴的1900却还是打着整齐的领结，一袭得体的燕尾服，体面的和康纳相见与道别，他永远是一位钢琴师。
2019-11-29,2019-11-29 01:15:46,Jane julia,2,广州,1,5,从看完DVD的那一刻 就决定要收藏这张碟子。不知道重复看了几遍 每看一次 都有不一样的感受。 每次看完都希望有一天它能在电影院上映。期待了无数次 今年居然上映了。👍 
2019-11-29,2019-11-29 00:35:17,The dance continues.✨,1,珠海,4,0.5,看了30分钟睡着，40分钟走人
2019-11-29,2019-11-29 00:32:42,cxf805063758,0,重庆,2,3,还可以还可以
2019-11-29,2019-11-29 00:31:42,欲辨已忘言zxc,1,桂林,2,5,好看是好看呀
2019-11-29,2019-11-29 00:15:34,trR389895257,0,武汉,3,5,好看  钢琴🎹演奏太美
2019-11-29,2019-11-29 00:14:30,mljustice,1,北京,3,5,不错演员演的没毛病
2019-11-29,2019-11-29 00:13:45,'  消暖,2,西安,2,5,很悲伤的一个故事。一生能如此飘零的过，何尝不是另一种解脱……
2019-11-29,2019-11-29 00:04:53,悦杉Rebecca,0,天津,3,3.5,大银幕下的不同
2019-11-29,2019-11-29 00:03:53,爱动,0,广州,4,5,哭得不能自己！一路哭到回家。男主清澈的眼睛，纯粹的眼神，让我痴迷。多希望他在最后一刻走出船，可惜他没有，心痛死我
2019-11-28,2019-11-28 23:57:15,EsA802462157,1,常州,3,5,每个人感受都不同
2019-11-28,2019-11-28 23:46:51,BettyCheang,2,珠海,3,3.5,他有自己的堅持✊ 不下船 是他的最後的倔強
2019-11-28,2019-11-28 22:32:38,Sherman,0,深圳,5,5,只有足够小的指尖，才能演绎出每一种丰富的情感；仅仅两小时的故事，便可诠释了大海里无限的寓意；心中有声、心中有海，即使弹一首空气钢琴，也可拥有着整个世界。
2019-11-28,2019-11-28 22:29:22,是甜甜甜吖,0,大连,2,5,今日份儿值得！第一次一人享受的一部完整电影！一颗孤独而又自由的不羁灵魂！
2019-11-28,2019-11-28 22:28:45,桔子黄岩,0,杭州,4,4.5,挺好的影片好
2019-11-28,2019-11-28 22:26:38,Ally,2,佛山,5,3.5,可能天赋异禀的人，在性格上都有着常人所谓的缺陷吧。
2019-11-28,2019-11-28 22:22:08,陶子,2,桂林,2,4.5,出生是无论如何也改不了的，对性格、成长存在一定影响。感动他执着的选择音乐。一双略显神经质的仟手就似黑白键上疯狂的舞者，钢琴给了他无限的人格魅力，喜欢这片的人不自觉的会被他牵着走下去。为了音乐，放弃爱情对美好生活的向往对于他也只能是停留在优美的乐曲中，看得让人心酸，泪奔。男主的眼神是片中的看点，每种眼神都透着他的情感、心绪……钢琴曲贯穿整个影片，给人听觉视觉不同的冲击。同时，说故事者也让人感动，再孤独的人都有收获友情。优雅的琴声，无论何种乐器演示，都会让人憧憬徦想，走心。爱每一首喜欢听的音乐。
2019-11-28,2019-11-28 22:19:19,女汉子的爷们儿,2,西宁,2,4,很值得人深思的一部电影
2019-11-28,2019-11-28 22:18:14,香烟配香糖.,1,驻马店,2,4,不开暖气        差评
2019-11-28,2019-11-28 22:17:21,安妮',0,哈尔滨,1,5,第一次看海上钢琴师，被1900的纯粹感动到，他真正是为钢琴而生的人，音乐塑造且成就了他。在知道他不打算离开船时我是理解同情他的，因为与其让他在俗世中被拥戴被同化，不如与船葬于海中，这是他唯一的结局。但当他开起了在天堂的玩笑时，我真的控制不了眼泪了，这么可爱的一个人怎么这么固执?还有电影场景是真的美，女主那几个画面真的被美到
2019-11-28,2019-11-28 22:15:14,Hi，漂亮女孩,2,酉阳土家族苗族自治县,3,5,经典就是经典，看完还想看，一直一直看，看无数无数遍。
2019-11-28,2019-11-28 22:12:18,Ronin43,0,重庆,4,5,耳闻不如一见
2019-11-28,2019-11-28 22:06:06,tHp829169057,0,江门,2,5,很好看，最好很感人，说的台词太好了，适合孤独寂寞的性格，习惯一个人生活的人太感触
2019-11-28,2019-11-28 22:05:50,alan·chen,0,重庆,4,5,名片果然不同凡响！
2019-11-28,2019-11-28 22:05:33,高高🔝,0,长春,2,5,有限和无限的定义在每个人的认知里都是不同的，有些人把原本局限的生活扩大到无限，而有些人在有限的空间创造了无限的想象！有限的生活却有着无限的可能，每个人都有不一样的故事，只要心中有个期盼，就会成为第一个看到希望的人。
2019-11-28,2019-11-28 21:58:21,Hou.晓燕,2,北京,4,5,很感人。他的音乐才华只属于船上的安全，即使与船同归于尽，也不会接受下船的迷茫。虽然是悲剧，但音乐之美贯穿全片，美的享受、虽然美的短暂。
2019-11-28,2019-11-28 21:54:12,星星,0,郑州,2,5,记得《怦然心动》中曾有过一句话，他将人用各种颜色来形容，1900绝对是我无比确定的彩虹般绚烂的人。
2019-11-28,2019-11-28 21:28:49,莲花童子哪吒,1,闽侯县,3,5,太好看了看哭了
2019-11-28,2019-11-28 21:26:01,KOFTA,0,合川,3,5,太好看了（*˙︶˙* )
2019-11-28,2019-11-28 21:25:42,黄兄台,1,高州,2,4,剧照不错；但看到我有点眼困
2019-11-28,2019-11-28 21:23:09,SvQ599633124,0,吉林,1,4,辩证的分析一下这部影片，个人认为电影拍摄的场景单一，人物对话少，没有主题音乐。不过，故事寓意深刻，影片中钢琴曲扣人心弦()也许这是这部电影另外要表达的意义吧)。男主角外表挺帅，用眼神睛和手指诠释着生活。影片中的台词也叫好大概意思是“钢琴的琴键是有限的，可以掌控，，外面的世界那么大路那没多，怎么选择”，“secrets should be kept”等等。总之总的来说没让我失望。
2019-11-28,2019-11-28 21:22:44,🦄QQQB,2,北京,2,5,好的故事比旧乐器还值钱
2019-11-28,2019-11-28 21:21:47,庚悦  曲思羽,2,石家庄,2,5,值得看的一部片子，一场电影，一位人物，一个故事！故事到中间的时候我很压抑，当他决定下船的时候，我的内心是激动的，我当时特别想让他真的下船感受陆地。他说:在城市里我看不到尽头，在船上的人都有梦想那也是船头到船尾的距离。就像我可以在船上看到尽头，就像钢琴有八十八个按键！有开始就有结束……就让我在船上结束
2019-11-28,2019-11-28 21:18:31,ALO封落,0,株洲,2,5,认真看完其实真的不错，暗示了城市的喧嚣
2019-11-28,2019-11-28 21:17:37,小妮子vvw,0,长沙,2,4.5,看睡着了，但不代表影片不好
2019-11-28,2019-11-28 21:16:29,leolu724,1,上海,4,4,剧情片，温暖路线
2019-11-28,2019-11-28 21:16:26,美团5799,0,济南,2,5,随着好听的钢琴曲享受了2个小时的美好时光，却又在最后随着那一声爆炸声陷入了沉思。反思我们这些俗人，欲望那么多，想要的那么多，却很少静下来聆听自己的内心。1900，他也许是天才，也许只是一个沉浸在自己世界里的另类。音乐是他的语言，钢琴是他的全世界。心疼他，又嫉妒他。
2019-11-28,2019-11-28 21:14:46,CHEESE罐子,2,武汉,2,5,影片结束我一个人坐在电影院里鼓掌。谢谢1990为我带来的精彩演出。其实他比我勇敢，因为我最终还是走下了船的舷梯。
2019-11-28,2019-11-28 21:13:41,Zpj260755982,0,郑州,1,5,发生了美好的故事
2019-11-28,2019-11-28 21:12:46,yilarahi441,0,广州,1,5,还想再看一遍
2019-11-28,2019-11-28 21:08:24,水木沐🌸,2,新乡,3,3,一分给音乐，一分给男主颜值，还有一分给男二这个胖胖的小号手。对这部电影慕名已久，但是并没有达到我的预期。我本来以为会很触动我的心灵，但是看完之后只有没有看懂的憋闷。可能因为我真的是个俗人，理解不透彻想表达的意思
2019-11-28,2019-11-28 21:08:10,/.\ 潶皛畫映😊,1,常德,3,5,有些电影适合一个人看，有些路适合一个人走，有些人适合擦肩而过。完美的演绎，如果可以，会刷下去。
2019-11-28,2019-11-28 20:37:02,oMf702725672,0,长沙,2,4,好看，引人深思。不适合我。无强大特效
2019-11-28,2019-11-28 20:36:56,daisy_niu,0,上海,2,5,必须给10分
2019-11-28,2019-11-28 20:36:47,奚若嫣,0,上海,2,5,多年后再看 依然热泪盈眶 虽然这次比较懂得1900孤独是人类的集体宿命
2019-11-28,2019-11-28 20:36:39,张焕振,1,成都,3,5,何必要追求那无尽头的世界和无尽头的人呢
2019-11-28,2019-11-28 20:36:06,IHj948050726,0,南宁,3,5,最有感的电影，没有之一
2019-11-28,2019-11-28 20:29:05,w4102195,0,邯郸,2,5,陆上一眼望不到尽头，而船上只有头与尾，尽收眼底。坚定选择自己的生活方式，不为外面的花花世界而改变。船上生船上终的1900永远活在大海上。
2019-11-28,2019-11-28 20:26:54,CXY0417BD,0,兰州,3,2.5,天才在左疯子在右
2019-11-28,2019-11-28 20:24:39,🌻 🍀 信蒙蒙🍎 🍑🎩,0,哈尔滨,2,5,我们笑着说再见 却深知再见遥遥无期 很庆幸 没错过
2019-11-28,2019-11-28 20:23:51,Rachel 雷🍷【极致】,2,成都,1,5,特别好看！ 值得！
2019-11-28,2019-11-28 20:22:37,猫猫🐱！,2,广州,4,5,独立自主地完成了自己的生命。。。很棒的电影。
2019-11-28,2019-11-28 20:22:13,zKD192023777,0,深圳,2,5,短暂的亲情、隐晦刹那若烟火的爱情、到最后告别的友情，很深刻。孤独的定义似乎不是人走茶凉，而且对某些事物极致的热爱。
2019-11-28,2019-11-28 20:21:24,鍃鬮,1,昆明,3,4.5,补个票(◐‿◑)﻿
2019-11-28,2019-11-28 20:19:17,带花边的大西瓜,2,烟台,2,4.5,上周看了《海上钢琴师》，对我和儿子的触动都很大，儿子为他鼓掌了3次，还模仿1900的弹琴手势，当孩子把1900当成偶像崇拜的时候，1900因为不想下船而跟那艘游轮一起灰飞烟灭了。整个剧情在经历了可怜-欣喜-蜕变-辉煌后直接用死亡作为结束，那股被音乐滋养的沸腾的血液在瞬间凝固了，悲怆！虽然悲伤、惋惜，但是我们对音乐有了重新的认识：音乐是情之所归；练琴是通往内心天籁的必经之路，在那里音符将是你的奴隶。
2019-11-28,2019-11-28 20:18:03,纯💃🏻,0,海门,3,4,或许是他生活在那个年代的悲哀！只能是自己去适应社会和生活，哪有社会和生活来适应你，放在现在，怕是早就被淘汰出局的人！
2019-11-28,2019-11-28 20:17:42,醍醐,0,南昌,1,5,*，**买错影院了…没去看…嘛勒戈壁好气哦，30块钱，重制版还要下映了…妈耶血亏
2019-11-28,2019-11-28 19:54:16,不露声色,0,武汉,4,5,我心里的电影分两种 会讲故事和不会讲故事 或者打动人和不打动人。在我心里 这个故事足够打动我 1900的纯粹令我动容 与船一起销毁又是无比的令人震撼 我发自内心的羡慕他 他就像是一个美好的梦 治愈着成年人在这个不够美好没有尽头的世界继续生存。如果有来生 我希望做他那样的人
2019-11-28,2019-11-28 19:51:41,W_A_Y,1,丹阳,2,4.5,怀念，看到斗琴那段还是让我热血沸腾
2019-11-28,2019-11-28 19:50:15,金曦707,1,深圳,2,5,很早以前的电影了
2019-11-28,2019-11-28 19:49:41,容·错,0,上海,3,5,第六次刷，这次带父母，一如既往的喜欢1900
2019-11-28,2019-11-28 19:47:03,Isx131890644,0,武汉,4,4.5,还是那么棒 时间过去 带给我的混沌少了 属于自己的感悟慢慢出来了 这部电影是一首浪漫诗 是浪漫主义 英雄主义 看到了未来 决定自己体面走向终结的赞歌 欲望是没有尽头的
2019-11-28,2019-11-28 19:42:50,李余科,0,广汉,4,4.5,结尾处有些拖沓了，感情过浓
2019-11-28,2019-11-28 19:37:42,戒三JS,0,深圳,5,5,完美的故事。。。
2019-11-28,2019-11-28 19:33:57,FRg572279667,0,郑州,4,5,经典有成为经典的理由
2019-11-28,2019-11-28 19:32:42,四川-Guo,1,成都,2,5,天是鱼🐟 的海底，海是鱼的天空。电影看完，坐在凳子上许久未动，脑中回想着自己曾经写过的诗句。
2019-11-28,2019-11-28 19:32:01,TUR696927938,0,涿州,2,5,朋友之间深深的情谊男主始终坚持自己的信仰
2019-11-28,2019-11-28 19:31:46,純潔的白貓,0,襄阳,3,5,之前是在网上看的，没想到会重置上映，钢琴点烟真棒！
2019-11-28,2019-11-28 19:29:07,PKJ569428792,0,广州,4,4.5,还不错，很文艺，最后也挺感人的
2019-11-28,2019-11-28 19:29:03,太上忘情y,0,成都,3,4.5,非常棒的一部影片！！
2019-11-28,2019-11-28 19:28:30,_qqs4t1438072530,0,大连,3,5,因为看了这部电影，我开始喜欢音乐了
2019-11-28,2019-11-28 19:26:06,田田田 🧸,2,北京,4,5,老电影值得一看，一个人去看的感觉不错，电影院人不多，一个人坐在后排，默默看，剧情完全抓心，从头到尾没觉得一点没意思，和小时候看的心情和感觉完全不一样。快到结尾处也不禁鼻子一酸。一个人看这种电影感受还是非常好的。满分💯
2019-11-28,2019-11-28 18:56:14,Neverlost,0,东营,2,5,挺好   不不不不不不巴巴爸爸
2019-11-28,2019-11-28 18:54:40,AXU151623552,2,上海,2,0.5,没看懂什么意思，
2019-11-28,2019-11-28 18:52:04,RRb549331754,1,中卫,2,5,电影很感人，一个人去看的，电影院都有人看哭了，有些人，一转身便是永别！
2019-11-28,2019-11-28 18:51:50,FREE HUGS,1,广州,2,5,超好看。以后买的第一架钢琴就叫1900吧
2019-11-28,2019-11-28 18:50:46,门肉丸🍡,2,长春,4,5,完全看不懂....
2019-11-28,2019-11-28 18:50:26,huangchuohao,1,上海,3,4,原谅我太low，看不太懂
2019-11-28,2019-11-28 18:49:41,七碗茶,1,遂宁,2,5,谜一样的故事从一个坎坷没落的小号手嘴里讲出，风趣真挚又迷惘忧伤。1900带着晕船的他在狂风巨浪中漂移的钢琴上飞舞。1900被挑战者音乐打动掉泪，也不堪其辱奋力反击打败劲敌。1900为一见倾心的姑娘即兴创作旷世神曲。他珍惜1900的才华和纯粹，鼓励其走出自我禁锢走向俗世的幸福，尤其不忍看着其随船而亡。但他接受了1900的选择，谜就是谜不能成为他希望的样子，可能他也从1900身上看到了“命运”，最终他带着1900的故事浪迹天涯。理解的终极意义可能是按照对方的出身、成长、观点化身为“他”去思考，去成全吧。
2019-11-28,2019-11-28 18:45:56,自由自在CaiCai,2,郑州,2,5,经典 必看。
2019-11-28,2019-11-28 18:45:30,💛Cindy_Chiu,0,北京,2,5,生而为人，心怀善念。
2019-11-28,2019-11-28 18:43:49,CX,0,岳阳,3,5,多年前看过，很多好看的老电影希望能重新上映。
2019-11-28,2019-11-28 18:43:37,周plp168755688,0,乌鲁木齐,3,5,8厅椅子💺舒服温度也刚好 电影也有内涵，值得一看
2019-11-28,2019-11-28 18:42:10,时倾.,0,宜昌,3,5,看一次哭一次
2019-11-28,2019-11-28 18:38:31,江哥,1,无锡,4,4,男主人公是个音乐（钢琴）天才，从出生到最后炸船，一直都在船上，从没下过船。唯一的一次下了旋梯一半，但没真正踏上陆地。
2019-11-28,2019-11-28 18:33:53,wKP145673158,0,杭州,2,5,这部电影挺好的！
2019-11-28,2019-11-28 18:27:46,门前有棵芙蓉树,1,广州,4,5,世界如此待你，你也不肯退让一步。
2019-11-28,2019-11-28 17:46:24,不二臣,1,哈尔滨,5,5,不知道给差评的咋想的 本来就是文艺片  你当你🐴 搞笑片看呢？
2019-11-28,2019-11-28 17:43:28,郑丁晋,1,深圳,3,5,看一次哭一次，人总是要为自己，为梦而活着
2019-11-28,2019-11-28 17:42:52,绸缪,1,北海,3,5,击中内心，曾经我们心中都住着个1900，在梦想的船上我们尽情挥洒，我们超越一切，迎来送走一批批形形色色的过客，邂逅美好，船终究逝去，带着我们心中的1900。就像剧中mxs刚开始当掉他的重若性命的小号一样，为在生活这座大城市中寻求一个房子一个伴侣一小块地去奔波，终归回归现实。原来我们都一样。
2019-11-28,2019-11-28 17:42:39,SHN,1,哈尔滨,1,5,好看。虽然没有仔细看看
2019-11-28,2019-11-28 17:39:41,AoI268400852,0,韶关,2,5,经典真的有味道，每个人都有自己的世界
2019-11-28,2019-11-28 17:34:01,kax717685952,2,成都,2,5,看完，确实不错，嗯嗯嗯嗯
2019-11-28,2019-11-28 17:32:16,AYa88284455,0,天津,2,3.5,有删减吧，早就看过影碟，画面修复的很好胶片感强烈，音响效果一般
2019-11-28,2019-11-28 17:30:19,谐雅,2,蒙自市,1,5,天才的世界非凡人能及。
2019-11-28,2019-11-28 17:25:20,WWy165045790,0,聊城,3,5,好看极了！！
2019-11-28,2019-11-28 17:24:15,民食天,1,杭州,2,4,前期中期很好看，后期的战争情节转的太硬了  感觉个人不太喜欢
2019-11-28,2019-11-28 17:22:20,冯萌902,2,北京,3,5,好好好。。。。
2019-11-28,2019-11-28 17:21:27,:-O:-(=_=,1,成都,5,5,往往流传下来的，都是悲伤的故事。不想接受，但是这就是现实。
2019-11-28,2019-11-28 17:19:01,高硕111,0,太原,4,4.5,不错，值得一看
2019-11-28,2019-11-28 17:18:59,法语朱老师,2,深圳,3,5,荡气回肠！这是我第三次看它。
2019-11-28,2019-11-28 17:17:08,季海,1,邵东,3,5,电影院好扣，暖气都不开，感冒了！
2019-11-28,2019-11-28 16:48:18,锋52,0,广州,3,5,太感动了，呜呜呜
2019-11-28,2019-11-28 16:47:54,歌子,2,盘锦,1,5,经典 享受 思考
2019-11-28,2019-11-28 16:46:48,fFD947919178,2,济南,2,0.5,个人表示看不懂，讲的啥故事？怪不得人不多
2019-11-28,2019-11-28 16:46:39,疯狂的杨桃,1,上海,3,4.5,比较走心的电影，没有多恢宏的场面，但是故事确很好的表现了人类的思想感情，要尊重所有人
2019-11-28,2019-11-28 16:46:16,PearlR,0,乐山,2,5,Change life. Start fresh.
2019-11-28,2019-11-28 16:46:01,一16653,1,许昌,2,1,我以为新片，竟然是多年前的拿来卖，有木有良心
2019-11-28,2019-11-28 16:45:28,🐥,0,章丘区,2,5,太好看了，每个情节都是那么重要，结尾了都没出戏
2019-11-28,2019-11-28 16:43:46,wmy9572,1,敦化,3,2,不好看，一点都不好看
2019-11-28,2019-11-28 16:41:14,Jonson,1,深圳,3,4.5,老电影翻炒卖情怀，也就这样。
2019-11-28,2019-11-28 16:40:33,LZH,0,大连,2,5,永远走不出的画地为牢，永远没有边界的人类欲望
2019-11-28,2019-11-28 16:38:03,🔱Dana🦋依丹,2,广州,3,5,伟大的作品
2019-11-28,2019-11-28 16:37:03,oDF868787779,1,鞍山,3,4,总的来说还不错
2019-11-28,2019-11-28 16:35:14,不问若叶,1,沈阳,4,5,要么在习惯中癫狂，要么在被迫中流浪~~
2019-11-28,2019-11-28 16:34:35,Li,1,邢台,2,0.5,不好看，还是别去浪费钱浪费时间了，想看的话过两天网上估计就有了
2019-11-28,2019-11-28 16:28:20,sky,0,广州,4,4,天才必定是有执拗处，常人所不能懂的
2019-11-28,2019-11-28 15:43:10,DpJ735874641,0,贵阳,3,4,欲望那么少，快乐那么多。
2019-11-28,2019-11-28 15:43:03,Zuq843963699,0,济南,2,4.5,好看。。。。
2019-11-28,2019-11-28 15:34:50,efl755087485,0,邵阳,4,5,人们都说，所有的天才都会超级神经质，然而我认为，那是他们对艺术对科学等认真献身的态度！
2019-11-28,2019-11-28 15:29:06,Uax372343347,1,南宁,3,5,很感动，有才华的人，一生都在船上。
2019-11-28,2019-11-28 15:29:04,🔆🔆🔆🔆🔆,2,南宁,1,1,可能是我的艺术细胞不强，看到一半就走人了
2019-11-28,2019-11-28 15:25:27,Zhai,1,上海,2,4,一个音乐迷的内心小世界，一个宛如海市蜃楼的美丽故事，一代文青的世外桃源。
2019-11-28,2019-11-28 15:25:04,邓熹烔,2,广州,3,5,完全体会到1900登船对未来未知的恐惧，感同身受！！！暴哭！！！！！
2019-11-28,2019-11-28 15:24:41,YY,2,天津,2,5,好看，意犹未尽，论自由与孤独，娓娓道来
2019-11-28,2019-11-28 15:22:04,何小娟,2,广州,2,5,泪流满面，人生不能太圆满，有些遗憾会显得弥足珍贵
2019-11-28,2019-11-28 15:14:04,风轻云漫,1,福州,4,5,经典重现，再回童年。
2019-11-28,2019-11-28 15:13:12,若愚东,0,乌鲁木齐,4,4.5,另一种生活，智慧人生
2019-11-28,2019-11-28 15:06:47,周周,1,海城,4,5,孤独，有些时候，有些地方，有些人，其实也很好。感谢1900，感谢音乐，生活并不孤单。
2019-11-28,2019-11-28 15:03:46,AAA黎世斌,1,长沙,3,4,从出生到死亡，在船上所经历的一切，感受大海所带来的宁静，，这何尝不是一种选择。我心安处，即是归宿
2019-11-28,2019-11-28 15:00:52,Opk446468137,0,呼和浩特,3,5,净化心灵的片子，值得一看
2019-11-28,2019-11-28 15:00:29,yxT141276034,0,武汉,5,5,非常经典，相见恨晚。比纯视觉效果的美国大片更有感染力。强烈推荐！
2019-11-28,2019-11-28 14:31:44,Eugenie427,2,成都,3,5,超赞，在手机上看过，再在电影院看一遍，一样的感动
2019-11-28,2019-11-28 14:29:16,漫步云雾中,0,北京,4,3,什么啊。一点意思没有。就是中国拍的小成本电影。不值得看
2019-11-28,2019-11-28 14:28:33,我是大胖胖的人,2,上海,4,5,和男朋友在VIP厅看的，感觉很震撼
2019-11-28,2019-11-28 14:22:12,rhs166266011,0,杭州,2,4.5,再看感动依然
2019-11-28,2019-11-28 14:21:07,QGY387185462,0,西安,2,4.5,能让人内心安静的电影
2019-11-28,2019-11-28 14:18:31,cBT469627631,1,伊宁,2,4.5,不能积极面对新的生活，就会被淘汰
2019-11-28,2019-11-28 14:03:59,Reset661931,2,深圳,2,3.5,奔着评分还有预告来的，没有想象中那么惊艳，不知道为什么评分这么高，也许是个人感受和眼光不同吧，只能说感受一般。
2019-11-28,2019-11-28 13:53:39,赵海明,0,崇左,4,0.5,2019年，最差的片子，没有之一。9.4的评分，后天作弊的吧？
2019-11-28,2019-11-28 13:52:53,sun,0,北京,3,5,这是我看电影好多年来，唯一觉得算经典的电影，如果电影只是讲的一个天才的成名史，就显得没有那么深刻了，作者想用这部电影折射现在的人心，浮躁、焦虑、紧张。为什么现代人都这样？因为欲望，欲望蒙蔽人的双眼，污染人的灵魂。只有闭上欲望的眼，自己的人生自己的灵性才能真正回归。
2019-11-28,2019-11-28 13:51:51,GCa339694122,0,益阳,4,4.5,真想他强硬点把他拉下船啊。
2019-11-28,2019-11-28 13:51:29,摸仙小狼,2,南京,3,4.5,绵延的城市中应有尽有 ，却唯独没有尽头。
2019-11-28,2019-11-28 13:48:54,小林子,2,佛山,2,4.5,人生除了懂得享受孤独之外，还要懂得多走出去看看外面世界，遇到困难的时候不要一味的夸大，没跨出第一步，已经自己把自己吓着了，还有要多带孩子去接触新事物。
2019-11-28,2019-11-28 13:43:32,你的骑士,1,宜宾,2,4.5,剧情可以，很OK
2019-11-28,2019-11-28 13:40:50,淳化县长,1,西宁,2,4.5,看完我想学钢琴
2019-11-28,2019-11-28 13:39:01,ROY菲,2,仙桃,2,5,个人非常喜欢1900
2019-11-28,2019-11-28 12:50:11,喵星来客,1,南京,4,5,好看的好看的
2019-11-28,2019-11-28 12:46:18,chtxiao,1,北京,3,1,烂片骗钱！！！
2019-11-28,2019-11-28 12:39:29,珠穆拉玛峰老污龟,1,广州,3,5,经典不腻，不看可惜。
2019-11-28,2019-11-28 12:36:40,程丹749,2,广州,2,5,感人，选择了一种人生就要面对啊！
2019-11-28,2019-11-28 12:30:53,启玄爱草莓,1,大连,4,4,感人，人世一遭，对自己好点
2019-11-28,2019-11-28 12:16:52,文武之道,1,金华,2,4.5,寓意深刻，值得想象
2019-11-28,2019-11-28 12:16:14,岁月静好,1,西安,4,5,永远漂泊在海上的  1900  。一个出生在时代最开端的 1900 。虽然没有到过船外的世界，可在自己有限的黑白琴键中，勾勒出了自己曼妙的一生。没有父母没有爱人没有家甚至没有名字，但却什么都有。虽然一生都在海上，却看的比谁都广阔。孤身一人去面对生命的动人乐章，谢谢，永远的1900。🎹
2019-11-28,2019-11-28 12:08:46,黄雄,2,上海,2,5,很好看，眼泪忍不住就流出来了。
2019-11-28,2019-11-28 12:05:13,梦梵💫Letitia,0,北京,4,1,一般智商看不懂
2019-11-28,2019-11-28 12:03:25,赵鹏,0,西安,2,4,没有太看懂，感觉只是看了一个故事，中心思想没有理解
2019-11-28,2019-11-28 12:01:40,文文,1,湛江,2,0.5,挺无聊的，只有后面10分钟的感动
2019-11-28,2019-11-28 12:00:51,南烟,2,福州,2,4.5,经典就是经典
2019-11-28,2019-11-28 11:55:50,healer56628,0,郑州,4,5,emm挺好看的，但是我要是他兄弟我会把他打晕捞出来。看完这个电影觉得他不下陆地就是懦弱。
2019-11-28,2019-11-28 11:54:59,尘归尘，土归土,1,高陵,2,0.5,删NMB这么优秀的电影你✘✘✘
2019-11-28,2019-11-28 11:51:39,少帅,0,博罗县,2,5,为啥之前没上映的时候我看过，和电影院的剧情一毛一样
2019-11-28,2019-11-28 11:15:33,王丹辉,2,上海,3,5,非常好看，情节连贯，时间切换自然，思想演绎深入，特别棒的一部电影。
2019-11-28,2019-11-28 11:11:54,grapelet,0,广州,4,4.5,1900的纯真和深刻，值得被写出来！
2019-11-28,2019-11-28 11:11:38,fvM737523584,0,深圳,2,5,好看，好感触
2019-11-28,2019-11-28 11:07:12,君子坦蛋蛋,1,龙岩,2,1,人生中第一次看这么没故事情节的电影，让费时间
2019-11-28,2019-11-28 11:06:33,习惯@_@,0,昆明,2,1,没看懂 这部电影的经典在哪？然后评分为什么还那么高？
2019-11-28,2019-11-28 11:03:11,落花雾月,2,深圳,2,2.5,没有看懂。比较文艺，觉得男主角太固执了
2019-11-28,2019-11-28 11:01:36,-_-容,0,厦门,2,5,情感刻画的很细腻，细节表现的也很好
2019-11-28,2019-11-28 11:01:21,刘旭辰,1,大连,2,4,纯粹的一生，只能以纯粹但令人心碎的陨落谢幕。1900没有错，错的是追求欲望的社会
2019-11-28,2019-11-28 11:01:17,行者无疆,1,菏泽,1,5,和原来的相比，时间缩短了近一个小时，不过画面很美，这影片最好的地方还是内心深处的感悟，无处安放的自由，就是雷蒙斯不下船的原因！至少他还有艏船！未入尘世，尝尽人生百味！他的一生都用钢琴演奏出来了
2019-11-28,2019-11-28 10:49:40,929兔宝宝,0,太原,2,5,环境！价格！效果都没问题喽！棒棒哒
2019-11-28,2019-11-28 10:49:13,🍊,2,厦门,1,2.5,得到的启示比较少
2019-11-28,2019-11-28 10:46:58,BETTY的姐姐🦊,2,北京,2,5,哭的稀里哗啦
2019-11-28,2019-11-28 10:44:35,子休,1,成都,2,4.5,安于本心，恬静自守。
2019-11-28,2019-11-28 10:41:49,Kinbei～,0,兰州,2,5,老电影   以前看过  现在看也是超级好看  经典嘛  打个10没毛病
2019-11-28,2019-11-28 10:39:29,Yuri.Wang,2,东莞,3,5,#《海上钢琴师》#我确信我那模糊的记忆里有这样一部值得珍藏的电影 只是当时没有认真品味 所以今晚心血来潮进了影院“陆地上的人 浪费了太多时间去问为什么，所以你们永远不厌倦旅行 总是追寻遥不可及的地方，但并不适合我。”真的 真的很羡慕你找到自己的生活 1900，但愿我也可以[爱心]
2019-11-28,2019-11-28 09:45:44,L,2,广州,3,2.5,他就是不愿意去面对陆地上的压力，就像现代人活着需要面对房贷车贷等等
2019-11-28,2019-11-28 09:42:24,恒大滨江御府。杰克,0,诸暨,2,0.5,超烂，不知道为什么这么高分
2019-11-28,2019-11-28 09:41:13,泰格,1,深圳,5,5,1900拒绝走下梯子，登上陆地，哪怕哪里有那么美丽的女孩，让他流淌如斯绝妙音乐的女孩：陆地上没有尽头，有的是无尽的选择，无尽的欲望，人要如何在这样的选择和欲望下生活？所有人欢呼雀跃的“America”真的如他们所愿，幸福，开心，满足？不用在夏天担忧冬天的到来，在冬天里又期待夏天？—— 所谓一念未逝，诸念又起，纷纷扰扰，那无尽的念头，就足以让人焦虑，疲惫，不知所往，哪里像在“弗吉尼亚”上，哪里就像就在当下，如此美好，如此满足。
2019-11-28,2019-11-28 09:41:08,Fmc510103440,0,深圳,2,5,人生是一场没有彩排的电影、都是现场直播
2019-11-28,2019-11-28 09:40:37,阿戈妹妹,0,登封,2,5,强烈推荐 老电影是真的太好看
2019-11-28,2019-11-28 09:36:31,核桃,2,宁德,2,5,纯粹的人纯净的曲子
2019-11-28,2019-11-28 09:36:15,闻明科,0,惠阳,2,5,很不错的一部片子
2019-11-28,2019-11-28 09:35:45,雪域枫情,2,成都,2,5,好看，有深度，不错
2019-11-28,2019-11-28 09:32:32,高虎。,0,榆林,2,5,看哭了。1900  传奇
2019-11-28,2019-11-28 09:30:31,流蝉,0,宿州,2,5,第二次看，感动
2019-11-28,2019-11-28 09:30:21,ElaineForrest,2,深圳,1,2,没网上评论那么好看吧，主要是期望挺大的。
2019-11-28,2019-11-28 09:16:40,微笑,2,台州,2,3,不好看 都不知道这么高的评分哪来的
2019-11-28,2019-11-28 09:16:24,Moviegoer,1,西安,4,5,豆瓣高分重新搬上银幕，还是那么好
2019-11-28,2019-11-28 09:16:16,叔一笑,1,恩平,5,4.5,一个天才，一个心灵残缺的人，选择了一条不平常的路，造就非凡人
2019-11-28,2019-11-28 09:14:02,京墨,2,新密,4,5,好看。。。。
2019-11-28,2019-11-28 08:45:49,Yali,2,广州,3,4.5,喜欢 果然还是爱情的开始最美好啊 斗琴和遇到都很棒
2019-11-28,2019-11-28 08:43:05,halihaly,2,杭州,3,5,每个人都有自己的世界，就很害怕到别人的世界，因为有那么多看不见的随时可变的因素，所以我也一直喜欢呆在自己的世界里，不做任何改变！
2019-11-28,2019-11-28 08:37:00,KnF655682024,1,广州,1,5,经典再现，好看
2019-11-28,2019-11-28 08:35:05,善待傻瓜好吗…,0,青岛,1,5,有一说一好看
2019-11-28,2019-11-28 08:31:53,六月残花,1,宁波,3,5,经典无需多言！也许今天依然在某艘客轮上有人在弹奏自己的乐曲！
2019-11-28,2019-11-28 08:29:45,大宝,0,长春,3,4.5,影片很好，一个天才的孤独，演员的演技一流！
2019-11-28,2019-11-28 08:06:14,加那提,1,北京,1,5,唯美，纯洁的一部电影
2019-11-28,2019-11-28 07:47:19,angle李,1,嵊州,4,5,其实你也很孤独吧！
2019-11-28,2019-11-28 07:00:39,OGI195859525,0,安阳,2,4,这部电影我给4星，这是一部二十年前的电影为什么还要拿来上映？而且剪辑的乱七八糟，还不如不上映让它维持最美好的样子！
2019-11-28,2019-11-28 06:33:41,曲之阳海峰,1,保定,3,3,老电影，电影老了
2019-11-28,2019-11-28 06:06:30,pOi877891165,0,杭州,2,5,非常好…喜欢男主角这样的特吧的人…希望他好好的…
2019-11-28,2019-11-28 06:00:12,蝶儿飞飞,2,吉林,1,1.5,说实话不好看，整个影片除了1900的钢琴天赋让人感觉神奇外，没有正能量，有的只有同情，可怜，当船要被炸毁时，朋友劝1900下船，1900却因为害怕懦弱而拒绝时，我真想扇他两个巴掌
2019-11-28,2019-11-28 03:03:07,洪洁,0,深圳,4,5,感动😂造物弄人
2019-11-28,2019-11-28 01:48:03,『世间因果』,1,深圳,3,5,如果不踏出那一步，我们永远没有真相。你会不会多陪我一场，我还是念你一生。
2019-11-28,2019-11-28 01:28:58,Du范范,2,郑州,4,5,一辈子不下船，船上是永恒，船下是人生。。
2019-11-27,2019-11-27 23:54:35,꧁唯有꧂（命护虎义会）🔥,0,深圳,2,5,钢琴师的结局是 他死都不下船
2019-11-27,2019-11-27 23:49:20,CAJ116107335,1,开平,3,4.5,第一次看 结局有点遗憾同时也很完美吧！
2019-11-27,2019-11-27 23:41:31,舒子敬,0,义乌,2,5,经典就是无论在任何时代都是精品
2019-11-27,2019-11-27 23:28:37,迷糊辰辰酱,2,洛阳,3,4.5,一开始觉得这样的结尾是遗憾的，1900为什么到最后还不下船呢，后来又觉得他的选择是没有遗憾 是不悔的，他是为艺术而生的，在船上想象着这世界的美好，这世界的鲜活在他心里 在他的指尖。不知道或者忘记他的人像往常一样过着生活，对于曼克斯，他要带着回忆和思念活着，觉得不公平，会很痛苦。但是最后音乐点的老板把小号重归于曼克斯手里的时候，又觉得曼克斯拿着希望消失在了雾中，一切终将会是新的开始，就如同他希望1900有新的开始一样，是时候也该给自己一个新的开始
2019-11-27,2019-11-27 23:26:31,微微一笑惹紅塵,2,深圳,2,5,一场视听盛宴，久违的感动
2019-11-27,2019-11-27 23:25:53,乔家小可爱,2,安吉,3,5,很好很好很好
2019-11-27,2019-11-27 23:25:46,秋意,2,上海,2,4,我是实用主义的中国人，有点不理解剧情，不知道怎么会这么高分
2019-11-27,2019-11-27 23:22:58,王泽宇,1,井冈山,4,4.5,纯粹的匠人精神
2019-11-27,2019-11-27 23:17:15,jKW863103156,0,安顺,3,5,满分，真不得说
2019-11-27,2019-11-27 23:11:01,YCLGOGOJIAYOU,2,北京,3,5,挺好看的。。。
2019-11-27,2019-11-27 23:06:11,ugW387805473,1,广州,3,5,感人，伤感，惆怅
2019-11-27,2019-11-27 23:05:33,时髦的小七,1,徐州,3,3.5,反正我是没看懂它想阐述什么
2019-11-27,2019-11-27 23:04:14,QmD661568360,0,北京,3,4.5,站在舷梯中央的1900望向烟雾弥漫的都市，甩下毡帽，毅然转身回到他安居的大船，继续在他有限的琴键上创造无限的音乐。他也许依然向往着只有在陆地上才能听到的海声，那个匆匆离去的女孩，还有陆上那些美丽的国度。但都市背后的无限又令他如此惶恐和迷茫...炸弹响起，他仍端坐在那里弹奏着虚空中的钢琴，生于偶然，死于决绝。我认为这个结局是凄美的，也是令人惋惜的。因为陆地上的琴键依然有88个，而那个广阔的世界也不一定令人如此无可适从。他也许能从陆地上的海声中重新审视曾经的生活，在无限之中找到立足之地：一栋房子，一段爱情，还有只属于他自己的音乐...不得不说埃尼奥•莫里康内的配乐让影片在听觉上臻于完美。
2019-11-27,2019-11-27 23:02:25,帅八怪丶,0,石狮,2,5,还可以，虽然说没看完，半场走了，不过个人觉得不错
2019-11-27,2019-11-27 23:00:08,:)^,0,广州,2,5,完美 太棒了
2019-11-27,2019-11-27 22:25:18,文馨,2,北京,2,5,人生的目的是什么，很多人往往把人生的道具如纽约 高楼 房子 女人 孩子等当做人生，由此产生无数的烦恼痛苦，而此外还有更精彩的追求，1900与钢琴的关系只在海上有限的世界里更精彩
2019-11-27,2019-11-27 22:23:33,JCf925080992,0,郑州,2,5,看了以后，感悟很深，每个人心中都有一艘船，1900，他深邃的眼神，他冷恻的孤独，他深深的哲学者，他怕大陆，怕很多不该去触碰的地方，他很孤独……
2019-11-27,2019-11-27 22:23:23,春风十里。,0,昆明,2,4.5,是喜欢了很久很久的电影🎬也是看了很多遍都没能看完的电影今天看完我觉得明朗的同时又开始纠结关于生活关于未来
2019-11-27,2019-11-27 22:21:35,gujunyu2008,1,西安,2,5,有些没看懂！感觉很抽象，也很复杂。天才钢琴师很优秀但是是不是也有些懦弱呢？或许他只是想简单的演奏，享受艺术的灵灵魂，并不想过繁杂的生活。船上生，船上亡！一只船一段人生路。没有国籍，没有生日，不知道父母是谁？迷茫止住了他下舷梯的步伐。下了船，他找不到人生路，似乎也很孤单，也很恐惧，悲情！！
2019-11-27,2019-11-27 22:20:25,淘得鱼看电影,0,上海,4,5,"二十年前的老片，以前看过好几遍。每次看完之后就是Endless blue sea一样的sad. 这次最后一段终于又复习了一遍，钢琴只有88个琴键，邮船上每次只有二千人, 而陆地上有无数的街道，无数的人，能够演绎88个琴键但无法踏上陆地，就像无法演奏无尽的琴键。经典就是经典，与黑人爵士乐之父较劲烟燃神技，永远是令人难忘的神乎其技的桥段!如果能有个续集，男主离开邮船游向大陆作为片头，那就太好了！"
2019-11-27,2019-11-27 22:20:21,夜雨声铖,0,郑州,4,5,好故事，可比旧小号值钱多了
2019-11-27,2019-11-27 22:19:45,郭欣,0,桦甸,2,5,超级好看！好想再看一遍！
2019-11-27,2019-11-27 22:15:00,叶庭庭614,0,广州,3,5,如果能有一个走出去的结局就好了
2019-11-27,2019-11-27 22:14:27,yifanleping,0,北京,4,4,有人坚守一些东西，最后，你也不明白这是勇敢还是怯懦。但是，又不得不佩服。生活是无限的，但是人却是有限的，能了解自己，并做选择已是一种幸运吧。虽不认同男主，但理解他的所有想法。有时候，和最好的永远在一起，这个人生态度，太酷了！
2019-11-27,2019-11-27 22:14:06,婷英俊～,2,成都,2,5,“世界太大了，你怎么知道你选择的街道，选择的另一半就是对的呢？”
2019-11-27,2019-11-27 22:11:45,周建辉,1,宁德,2,5,有思想的影片
2019-11-27,2019-11-27 22:10:38,琼姐姐ing,2,惠阳,3,5,钢琴的琴键是有限的，而在这些琴键上创造出来的世界，是无限的。
2019-11-27,2019-11-27 22:08:45,雾000,2,嘉善,3,5,每一首曲都映射出某一类人、某一刻情绪，代表了他一生中重要的记忆片段，有感而发，随性，随心，也是他留下的痕迹，在过客中的足迹。乐器是他的重要拍档，这艘船是他一生 最熟悉的 ，无论来来往往的人有多少，陌生多少 都足以让他安心，因为在他所能掌控的范围内。人一旦脱离了自己的掌控，感受到自己的渺小，就会像是被抛弃在海中溺水的小人，怎么挣扎都逃不不开这个怪物的世界，即使拼尽全力，但从上帝的角度，仍然渺小如蝼蚁般 无法与之对抗。这个嘈杂的世界，鲜少有人能够在继续保持平静，最终都会被迫成为一颗小小的齿轮，不停地转着，没有尽头。但是不管怎样，我们都不放弃，即使迷茫过，但依然奋斗努力着，知道找到答案 并奔向她。
2019-11-27,2019-11-27 22:07:48,ITu756709014,2,重庆,1,2,不是我的菜…所以我不爱
2019-11-27,2019-11-27 22:05:21,朱明芳,2,武汉,2,5,感情细腻，演技到位！
2019-11-27,2019-11-27 21:51:01,素心ee🎵,2,长沙,4,5,写了很多，最后都删了，如他这般，留给自己
2019-11-27,2019-11-27 21:47:03,瘦弟弟打滴滴去迪拜,1,秦皇岛,3,4,在某一个瞬间  突然看到自己的影子  就像歌中唱的那样  有些人  一旦错过就不在  就现在开始  我不会在犹豫  无论场合多么不堪  或者尴尬  我也义无反顾
2019-11-27,2019-11-27 21:46:28,东方纤云11,0,明光,3,4,感动呜呜呜呜
2019-11-27,2019-11-27 21:46:24,JayGY,1,广州,3,5,如果一定要说点什么就是我去了隔壁城市一起看了一部原本以为没有什么共同点的电影，音乐可能是和女孩的那一幕才知道情感的表达。有时候感觉好奇怪，我和以前似乎一样又似乎不一样。
2019-11-27,2019-11-27 21:45:58,dRK626780563,0,佛山,2,5,真的超级好看
2019-11-27,2019-11-27 21:44:42,🐳🐳🐳,2,惠州,2,5,以前就看过，这次重温一遍又有不同的感受
2019-11-27,2019-11-27 21:43:54,Demon゛,2,佛山,2,4.5,很久以前的电影了，看着看着感觉男主角好悲伤好孤独，但他又习惯了一切。可能是他的出生就决定了他的一生吧。
2019-11-27,2019-11-27 21:42:17,Sgh775086403,0,广州,1,5,真的很好看 重温经典 最后那一幕 还是看哭了
2019-11-27,2019-11-27 21:41:46,袁燕红,0,临安,2,5,音乐真的很动听，故事有喜有悲，有起有浮，有笑有泪。
2019-11-27,2019-11-27 21:41:02,Túlǚ,2,佛山,2,5,看似风平浪静，却又百感交集的一部作品
2019-11-27,2019-11-27 21:40:24,王云飞,1,西安,2,4,没有想象中那么好，但也绝对值得一看。
2019-11-27,2019-11-27 21:38:56,廖勇,1,彭州,2,5,生命所不能承受之重
2019-11-27,2019-11-27 21:37:33,易三羊,0,呼和浩特,2,5,下船是人生，船上是永恒。
2019-11-27,2019-11-27 21:37:01,KnN175166835,1,临沂,3,4,虽然有很多地方不符合逻辑但这是一个好故事，每个人都有他的弗吉尼亚号，迈出那一步真的很难
2019-11-27,2019-11-27 21:36:03,李芦峰,0,青岛,2,5,悲剧可怜的一生！！
